Landroid/scheduling/IPreparedRebootCallback$Default;->asBinder()Landroid/os/IBinder;,public-api,system-api,test-api
Landroid/scheduling/IPreparedRebootCallback$Stub$Proxy;->asBinder()Landroid/os/IBinder;,public-api,system-api,test-api
Landroid/scheduling/IPreparedRebootCallback$Stub;->asBinder()Landroid/os/IBinder;,public-api,system-api,test-api
Landroid/scheduling/IPreparedRebootCallback$Stub;->onTransact(ILandroid/os/Parcel;Landroid/os/Parcel;I)Z,public-api,system-api,test-api
Landroid/scheduling/IRebootReadinessManager$Default;->asBinder()Landroid/os/IBinder;,public-api,system-api,test-api
Landroid/scheduling/IRebootReadinessManager$Stub$Proxy;->asBinder()Landroid/os/IBinder;,public-api,system-api,test-api
Landroid/scheduling/IRebootReadinessManager$Stub;->asBinder()Landroid/os/IBinder;,public-api,system-api,test-api
Landroid/scheduling/IRebootReadinessManager$Stub;->onTransact(ILandroid/os/Parcel;Landroid/os/Parcel;I)Z,public-api,system-api,test-api
Landroid/scheduling/IRebootSchedulerListener$Default;->asBinder()Landroid/os/IBinder;,public-api,system-api,test-api
Landroid/scheduling/IRebootSchedulerListener$Stub$Proxy;->asBinder()Landroid/os/IBinder;,public-api,system-api,test-api
Landroid/scheduling/IRebootSchedulerListener$Stub;->asBinder()Landroid/os/IBinder;,public-api,system-api,test-api
Landroid/scheduling/IRebootSchedulerListener$Stub;->onTransact(ILandroid/os/Parcel;Landroid/os/Parcel;I)Z,public-api,system-api,test-api
Landroid/scheduling/IRequestRebootReadinessStatusListener$Default;->asBinder()Landroid/os/IBinder;,public-api,system-api,test-api
Landroid/scheduling/IRequestRebootReadinessStatusListener$Stub$Proxy;->asBinder()Landroid/os/IBinder;,public-api,system-api,test-api
Landroid/scheduling/IRequestRebootReadinessStatusListener$Stub;->asBinder()Landroid/os/IBinder;,public-api,system-api,test-api
Landroid/scheduling/IRequestRebootReadinessStatusListener$Stub;->onTransact(ILandroid/os/Parcel;Landroid/os/Parcel;I)Z,public-api,system-api,test-api
Landroid/scheduling/RebootClientId$1;->createFromParcel(Landroid/os/Parcel;)Ljava/lang/Object;,public-api,system-api,test-api
Landroid/scheduling/RebootClientId$1;->newArray(I)[Ljava/lang/Object;,public-api,system-api,test-api
Landroid/scheduling/RebootClientId;->describeContents()I,public-api,system-api,test-api
Landroid/scheduling/RebootClientId;->equals(Ljava/lang/Object;)Z,core-platform-api,public-api,system-api,test-api
Landroid/scheduling/RebootClientId;->hashCode()I,core-platform-api,public-api,system-api,test-api
Landroid/scheduling/RebootClientId;->toString()Ljava/lang/String;,core-platform-api,public-api,system-api,test-api
Landroid/scheduling/RebootClientId;->writeToParcel(Landroid/os/Parcel;I)V,public-api,system-api,test-api
Landroid/scheduling/RebootConditions;->toString()Ljava/lang/String;,core-platform-api,public-api,system-api,test-api
Landroid/scheduling/RebootParams;->toString()Ljava/lang/String;,core-platform-api,public-api,system-api,test-api
Landroid/scheduling/RebootReadinessManager$RebootReadinessCallbackProxy$$ExternalSyntheticLambda0;->run()V,core-platform-api,public-api,system-api,test-api
Landroid/scheduling/RebootReadinessManager$RebootReadinessStatus;-><init>(ZJLjava/lang/String;)V,system-api,test-api
Landroid/scheduling/RebootReadinessManager$RebootReadinessStatus;->getEstimatedFinishTime()J,system-api,test-api
Landroid/scheduling/RebootReadinessManager$RebootReadinessStatus;->getLogSubsystemName()Ljava/lang/String;,system-api,test-api
Landroid/scheduling/RebootReadinessManager$RebootReadinessStatus;->isReadyToReboot()Z,system-api,test-api
Landroid/scheduling/RebootReadinessManager$RequestRebootReadinessStatusListener;->onRequestRebootReadinessStatus()Landroid/scheduling/RebootReadinessManager$RebootReadinessStatus;,system-api,test-api
Landroid/scheduling/RebootReadinessManager;->ACTION_REBOOT_READY:Ljava/lang/String;,system-api,test-api
Landroid/scheduling/RebootReadinessManager;->EXTRA_IS_READY_TO_REBOOT:Ljava/lang/String;,system-api,test-api
Landroid/scheduling/RebootReadinessManager;->addRequestRebootReadinessStatusListener(Ljava/util/concurrent/Executor;Landroid/scheduling/RebootReadinessManager$RequestRebootReadinessStatusListener;)V,system-api,test-api
Landroid/scheduling/RebootReadinessManager;->cancelPendingReboot()V,system-api,test-api
Landroid/scheduling/RebootReadinessManager;->isReadyToReboot()Z,system-api,test-api
Landroid/scheduling/RebootReadinessManager;->markRebootPending()V,system-api,test-api
Landroid/scheduling/RebootReadinessManager;->removeRequestRebootReadinessStatusListener(Landroid/scheduling/RebootReadinessManager$RequestRebootReadinessStatusListener;)V,system-api,test-api
Landroid/scheduling/RebootRequest$1;->createFromParcel(Landroid/os/Parcel;)Ljava/lang/Object;,public-api,system-api,test-api
Landroid/scheduling/RebootRequest$1;->newArray(I)[Ljava/lang/Object;,public-api,system-api,test-api
Landroid/scheduling/RebootRequest;->describeContents()I,public-api,system-api,test-api
Landroid/scheduling/RebootRequest;->equals(Ljava/lang/Object;)Z,core-platform-api,public-api,system-api,test-api
Landroid/scheduling/RebootRequest;->hashCode()I,core-platform-api,public-api,system-api,test-api
Landroid/scheduling/RebootRequest;->toString()Ljava/lang/String;,core-platform-api,public-api,system-api,test-api
Landroid/scheduling/RebootRequest;->writeToParcel(Landroid/os/Parcel;I)V,public-api,system-api,test-api
Landroid/scheduling/RebootRequestConditions$1;->createFromParcel(Landroid/os/Parcel;)Ljava/lang/Object;,public-api,system-api,test-api
Landroid/scheduling/RebootRequestConditions$1;->newArray(I)[Ljava/lang/Object;,public-api,system-api,test-api
Landroid/scheduling/RebootRequestConditions;->describeContents()I,public-api,system-api,test-api
Landroid/scheduling/RebootRequestConditions;->equals(Ljava/lang/Object;)Z,core-platform-api,public-api,system-api,test-api
Landroid/scheduling/RebootRequestConditions;->hashCode()I,core-platform-api,public-api,system-api,test-api
Landroid/scheduling/RebootRequestConditions;->toString()Ljava/lang/String;,core-platform-api,public-api,system-api,test-api
Landroid/scheduling/RebootRequestConditions;->writeToParcel(Landroid/os/Parcel;I)V,public-api,system-api,test-api
Landroid/scheduling/RebootSchedulerListenerService;->onBind(Landroid/content/Intent;)Landroid/os/IBinder;,public-api,system-api,test-api
Landroid/scheduling/RebootWindow;->toString()Ljava/lang/String;,core-platform-api,public-api,system-api,test-api
Landroid/scheduling/SchedulingFrameworkInitializer$$ExternalSyntheticLambda0;->createService(Landroid/content/Context;Landroid/os/IBinder;)Ljava/lang/Object;,system-api,test-api
Landroid/scheduling/SchedulingFrameworkInitializer$$ExternalSyntheticLambda1;->createService(Landroid/content/Context;)Ljava/lang/Object;,system-api,test-api
Lcom/android/scheduling/flags/CustomFeatureFlags$$ExternalSyntheticLambda0;->test(Ljava/lang/Object;)Z,core-platform-api,public-api,system-api,test-api
